{"title":"","id":1,"dateAdded":1394087419153000,"lastModified":1394087419153000,"type":"text/x-moz-place-container","root":"placesRoot","children":[{"title":"Bookmarks Menu","id":2,"parent":1,"dateAdded":1394087419153000,"lastModified":1394087420221000,"type":"text/x-moz-place-container","root":"bookmarksMenuFolder","children":[{"title":"Recently Bookmarked","id":15,"parent":2,"annos":[{"name":"Places/SmartBookmark","flags":0,"expires":4,"value":"RecentlyBookmarked"}],"type":"text/x-moz-place","uri":"place:folder=BOOKMARKS_MENU&folder=UNFILED_BOOKMARKS&folder=TOOLBAR&sort=12&excludeQueries=1&maxResults=10&queryType=1"},{"index":1,"title":"Recent Tags","id":16,"parent":2,"annos":[{"name":"Places/SmartBookmark","flags":0,"expires":4,"value":"RecentTags"}],"type":"text/x-moz-place","uri":"place:sort=14&type=6&maxResults=10&queryType=1"},{"index":2,"title":"","id":17,"parent":2,"dateAdded":1394087420221000,"lastModified":1394087420221000,"type":"text/x-moz-place-separator"},{"index":3,"title":"Mozilla Firefox","id":8,"parent":2,"dateAdded":1394087420028000,"lastModified":1394087420032000,"type":"text/x-moz-place-container","children":[{"title":"Help and Tutorials","id":9,"parent":8,"dateAdded":1394087420029000,"lastModified":1394087420029000,"type":"text/x-moz-place","uri":"http://www.mozilla.com/en-US/firefox/help/"},{"index":1,"title":"Customize Firefox","id":10,"parent":8,"dateAdded":1394087420030000,"lastModified":1394087420030000,"type":"text/x-moz-place","uri":"http://www.mozilla.com/en-US/firefox/customize/"},{"index":2,"title":"Get Involved","id":11,"parent":8,"dateAdded":1394087420031000,"lastModified":1394087420031000,"type":"text/x-moz-place","uri":"http://www.mozilla.com/en-US/firefox/community/"},{"index":3,"title":"About Us","id":12,"parent":8,"dateAdded":1394087420032000,"lastModified":1394087420033000,"type":"text/x-moz-place","uri":"http://www.mozilla.com/en-US/about/"}]},{"index":4,"title":"PortableApps.com","id":13,"parent":2,"dateAdded":1133305361000000,"lastModified":1134124795000000,"type":"text/x-moz-place","uri":"http://portableapps.com/","charset":"UTF-8"}]},{"index":1,"title":"Bookmarks Toolbar","id":3,"parent":1,"dateAdded":1394087419153000,"lastModified":1394087420214000,"annos":[{"name":"bookmarkProperties/description","flags":0,"expires":4,"value":"Add bookmarks to this folder to see them displayed on the Bookmarks Toolbar"}],"type":"text/x-moz-place-container","root":"toolbarFolder","children":[{"title":"Most Visited","id":14,"parent":3,"annos":[{"name":"Places/SmartBookmark","flags":0,"expires":4,"value":"MostVisited"}],"type":"text/x-moz-place","uri":"place:sort=8&maxResults=10"},{"index":1,"title":"Getting Started","id":6,"parent":3,"dateAdded":1394087420024000,"lastModified":1394087420025000,"type":"text/x-moz-place","uri":"http://www.mozilla.com/en-US/firefox/central/"},{"index":2,"title":"Latest Headlines","id":7,"parent":3,"dateAdded":1394087420027000,"lastModified":1394087420028000,"livemark":1,"annos":[{"name":"placesInternal/READ_ONLY","flags":0,"expires":4,"value":1},{"name":"livemark/feedURI","flags":0,"expires":4,"value":"http://fxfeeds.mozilla.com/en-US/firefox/headlines.xml"},{"name":"livemark/siteURI","flags":0,"expires":4,"value":"http://fxfeeds.mozilla.com/en-US/firefox/livebookmarks/"}],"type":"text/x-moz-place-container","children":[]}]},{"index":2,"title":"Tags","id":4,"parent":1,"dateAdded":1394087419153000,"lastModified":1394087419153000,"type":"text/x-moz-place-container","root":"tagsFolder","children":[]},{"index":3,"title":"Unsorted Bookmarks","id":5,"parent":1,"dateAdded":1394087419153000,"lastModified":1394087420022000,"type":"text/x-moz-place-container","root":"unfiledBookmarksFolder","children":[]}]}